Date,MMM,ABT,ABBV,ABMD,ACN,ATVI,ADBE,AMD,AAP,AES
2019-06-07,156.51644897460938,78.27021026611328,69.5586166381836,267.8699951171875,178.09808349609375,44.86626052856445,278.1600036621094,32.40999984741211,153.77215576171875,15.784395217895508
2019-06-10,158.0946807861328,78.78399658203125,69.12740325927734,272.42999267578125,179.57801818847656,45.48912048339844,280.3399963378906,33.22999954223633,151.9607391357422,15.529197692871094
2019-06-11,158.67710876464844,78.63858795166016,70.223388671875,262.0299987792969,178.5362091064453,46.17131423950195,275.989990234375,32.40999984741211,150.62445068359375,15.48193645477295
2019-06-12,158.77105712890625,79.44319915771484,70.58272552490234,254.5399932861328,179.72406005859375,44.57953643798828,276.8399963378906,32.18000030517578,149.01100158691406,15.841104507446287
2019-06-13,158.62075805664062,79.77281188964844,70.92408752441406,255.52999877929688,180.07456970214844,45.52867126464844,276.29998779296875,31.38999938964844,149.08030700683594,15.935623168945312
2019-06-14,156.5915985107422,79.70494842529297,70.69053649902344,250.9600067138672,180.09405517578125,45.10353469848633,274.2799987792969,30.36000061035156,150.2582244873047,16.153013229370117
2019-06-17,156.6761474609375,79.54014587402344,70.65457916259766,256.1499938964844,179.05224609375,44.55976867675781,275.6000061035156,29.200000762939453,150.19883728027344,15.907266616821287
2019-06-18,161.4484100341797,80.86823272705078,70.29525756835938,256.4700012207031,179.6364288330078,45.2518424987793,276.7799987792969,30.450000762939453,153.25746154785156,15.916717529296877
2019-06-19,160.40565490722656,81.75039672851562,69.72029876708984,256.29998779296875,179.10092163085938,44.81682205200195,291.2099914550781,30.5,152.2082061767578,15.661521911621094
2019-06-20,163.40237426757812,82.34174346923828,70.37609100341797,260.3299865722656,181.6031951904297,45.15297317504883,302.1099853515625,30.01000022888184,151.77252197265625,16.001785278320312
2019-06-21,162.84812927246094,82.39990997314453,70.77136993408203,256.0400085449219,180.66848754882807,45.390254974365234,299.3299865722656,29.100000381469727,151.74281311035156,15.841104507446287
2019-06-24,162.87632751464844,82.1187744140625,70.47492980957031,253.1699981689453,181.20399475097656,46.61621856689453,299.8699951171875,29.26000022888184,150.84170532226562,15.718231201171877
2019-06-25,161.60809326171875,81.66313934326172,59.02106094360352,257.0599975585937,180.02589416503906,45.67697143554688,287.9700012207031,28.86000061035156,152.99050903320312,15.737133979797363
2019-06-26,161.46719360351562,80.42230224609375,61.08724212646485,251.6199951171875,178.47779846191406,46.20096969604492,288.7200012207031,29.920000076293945,148.4651336669922,15.425228118896484
2019-06-27,161.1102294921875,81.12997436523438,62.88393020629883,254.92999267578125,178.1759796142578,46.74474334716797,293.2300109863281,30.739999771118164,150.22775268554688,15.633167266845703
2019-06-28,162.83872985839844,81.52742767333984,65.32742309570312,260.489990234375,179.8993377685547,46.665653228759766,294.6499938964844,30.3700008392334,152.63401794433594,15.841104507446287
2019-07-01,163.93785095214844,81.90550231933594,65.93829345703125,265.0199890136719,181.94395446777344,46.96225357055664,300.9700012207031,31.200000762939453,155.06008911132812,15.85055923461914
2019-07-02,163.47755432128906,82.35142517089844,66.68391418457031,261.489990234375,183.6283721923828,47.43682098388672,301.3900146484375,31.239999771118164,158.22879028320312,16.020689010620117
2019-07-03,164.37936401367188,83.02031707763672,67.3396987915039,261.3299865722656,185.93589782714844,48.10912322998047,305.70001220703125,31.190000534057617,159.06060791015625,16.332595825195312
2019-07-05,161.57992553710938,82.80705261230469,65.5699691772461,261.4700012207031,186.3448028564453,47.60489654541016,303.9800109863281,31.5,159.05068969726562,16.181367874145508
2019-07-08,158.94015502929688,82.48713684082031,63.97991561889648,257.7799987792969,185.2932891845703,45.94392013549805,302.9200134277344,32.040000915527344,156.6444549560547,16.2097225189209
2019-07-09,155.66159057617188,82.6616439819336,63.99787521362305,257.29998779296875,186.05270385742188,45.84504699707031,304.20001220703125,33.150001525878906,153.98074340820312,16.124652862548828
2019-07-10,155.66159057617188,82.7682876586914,64.36620330810547,255.80999755859372,186.6563873291016,46.30972671508789,306.9800109863281,33.790000915527344,154.90164184570312,16.058494567871094
2019-07-11,158.7992401123047,83.14634704589844,63.99787521362305,266.0899963378906,189.53836059570312,46.8040657043457,307.6000061035156,33.060001373291016,154.76300048828125,16.030139923095703
2019-07-12,162.83872985839844,81.6575927734375,64.09820556640625,262.69000244140625,191.0377655029297,46.665653228759766,309.4200134277344,33.209999084472656,157.03062438964844,16.1435604095459
2019-07-15,162.36900329589844,81.55055236816406,64.08906555175781,260.5799865722656,190.17120361328125,47.12044143676758,308.760009765625,34.38999938964844,157.3673095703125,16.2097225189209
2019-07-16,165.79791259765625,80.91808319091797,63.07672119140625,253.75,189.12940979003903,46.4580307006836,305.70001220703125,33.849998474121094,160.1795654296875,16.3420467376709
2019-07-17,164.08816528320312,83.44799041748047,62.31060409545898,260.0599975585937,188.7010040283203,46.15153884887695,309.3900146484375,33.599998474121094,156.12953186035156,16.682310104370117
2019-07-18,162.57571411132812,85.39407348632812,62.24675369262695,262.7699890136719,189.68441772460935,45.20240783691406,310.0799865722656,33.0,156.35726928710938,16.568889617919922
2019-07-19,162.15296936035156,85.13134002685547,62.5112533569336,260.4700012207031,188.81784057617188,44.62897491455078,306.8699951171875,32.5099983215332,155.39674377441406,16.275882720947266
2019-07-22,164.0599822998047,85.69571685791016,62.018741607666016,263.9700012207031,189.31442260742188,45.05410385131836,308.54998779296875,32.849998474121094,157.34750366210938,16.124652862548828
2019-07-23,166.7655029296875,86.34765625,61.77250289916992,264.6700134277344,189.3339080810547,45.40014266967773,307.8800048828125,33.4900016784668,156.0998077392578,15.907266616821287
2019-07-24,168.55039978027344,86.20169067382812,61.52625274658203,275.94000244140625,189.3436279296875,46.32950210571289,310.2699890136719,34.11000061035156,156.95143127441406,15.945075035095217
2019-07-25,167.3385467529297,85.62759399414062,60.7966194152832,272.2099914550781,189.83041381835935,46.65576171875,308.7300109863281,33.66999816894531,148.56417846679688,15.982879638671877
2019-07-26,163.43997192382812,85.38434600830078,61.79986953735352,272.6600036621094,191.73876953125,47.44670867919922,311.2699890136719,34.02000045776367,151.12884521484375,16.01123809814453
2019-07-29,166.05154418945312,86.16277313232422,61.2708740234375,275.92999267578125,192.14767456054688,47.9015007019043,307.2200012207031,33.47999954223633,151.5447540283203,16.124652862548828
2019-07-30,166.86883544921875,85.92923736572266,61.2708740234375,279.2300109863281,190.49252319335935,47.74331283569336,303.6400146484375,33.869998931884766,150.31687927246094,16.2097225189209
2019-07-31,164.13511657714844,84.75186920166016,60.7601318359375,278.5599975585937,187.5034637451172,48.1882209777832,298.8599853515625,30.450000762939453,149.16819763183594,15.99725341796875
2019-08-01,162.85751342773438,83.7593765258789,60.01226806640625,204.8699951171875,189.0417938232422,49.62179946899414,298.44000244140625,29.86000061035156,148.48495483398438,16.483169555664062
2019-08-02,160.21775817871094,83.5063705444336,59.601837158203125,200.6199951171875,187.92208862304688,48.46504974365234,293.7099914550781,29.440000534057617,144.355712890625,16.035364151000977
2019-08-05,154.73158264160156,80.91808319091797,59.49240112304688,204.52999877929688,180.6587371826172,45.578102111816406,280.3599853515625,27.989999771118164,141.76129150390625,15.549443244934082
2019-08-06,153.7921600341797,82.57225799560547,59.07285690307617,200.47999572753903,183.83282470703125,46.06255722045898,286.2099914550781,28.86000061035156,144.21707153320312,14.958717346191406
2019-08-07,153.72637939453125,82.31926727294922,58.79012680053711,189.92999267578125,183.8912506103516,47.55546188354492,289.0199890136719,29.190000534057617,142.63267517089844,14.930132865905762
2019-08-08,154.271240234375,83.25337219238281,59.69304275512695,191.6999969482422,189.061279296875,48.77154159545898,297.7799987792969,33.91999816894531,143.01889038085938,15.101634979248049
2019-08-09,153.56668090820312,84.2848129272461,59.81161117553711,191.0,186.4324188232422,47.51591491699219,294.8299865722656,34.189998626708984,142.91986083984375,14.83485507965088
2019-08-12,152.27967834472656,82.37763977050781,58.85396957397461,191.72000122070312,184.991455078125,46.54701232910156,288.6499938964844,32.43000030517578,140.77105712890625,14.520435333251951
2019-08-13,154.89126586914062,84.54752349853516,59.291751861572266,197.1499938964844,187.7955474853516,47.58512496948242,293.1700134277344,32.11000061035156,140.84036254882812,14.453740119934082
2019-08-14,149.18898010253906,81.67705535888672,57.91456985473633,190.1300048828125,182.0413360595703,44.74761199951172,283.6600036621094,30.239999771118164,135.15646362304688,14.091682434082031
2019-08-15,148.6865692138672,81.67705535888672,57.44030380249024,192.05999755859372,184.56304931640625,44.99478149414063,282.7099914550781,29.670000076293945,136.15658569335938,14.072627067565918
2019-08-16,153.10427856445312,82.4944076538086,58.76276779174805,193.00999450683597,188.1265563964844,46.13176345825195,287.45001220703125,31.18000030517578,135.25547790527344,14.482324600219728
2019-08-19,154.47891235351562,83.25337219238281,60.70540237426758,192.30999755859372,190.03489685058597,47.37749862670898,287.9700012207031,31.479999542236328,135.01780700683594,14.634770393371582
2019-08-20,152.6397705078125,82.2608871459961,60.568607330322266,192.6300048828125,189.08074951171875,48.24753952026367,285.7099914550781,30.71999931335449,134.05731201171875,14.472796440124512
2019-08-21,152.7724609375,82.61117553710938,61.59921646118164,195.83999633789065,190.5704040527344,48.484825134277344,291.5299987792969,31.700000762939453,134.8989715576172,14.59665870666504
2019-08-22,152.51654052734375,82.09546661376953,61.580963134765625,195.44000244140625,191.1643218994141,48.52436828613281,287.69000244140625,31.899999618530277,136.15658569335938,14.482324600219728
2019-08-23,147.74801635742188,79.72124481201172,60.16730880737305,189.58999633789065,187.72738647460935,46.79418182373047,282.44000244140625,29.540000915527344,133.7305450439453,14.091682434082031
2019-08-26,148.0039520263672,80.87916564941406,60.61420440673828,190.44000244140625,190.3172607421875,48.1387825012207,288.739990234375,30.280000686645508,133.68101501464844,14.139322280883787
2019-08-27,147.6531982421875,81.3948745727539,59.89369201660156,190.05999755859372,191.96270751953125,50.51161193847656,289.45001220703125,30.200000762939453,133.5720977783203,13.920180320739746
2019-08-28,149.35963439941406,81.94951629638672,60.25851058959961,191.1999969482422,191.6511383056641,49.64157485961914,282.1300048828125,30.780000686645508,135.42379760742188,14.158377647399902
2019-08-29,152.02354431152344,82.5333251953125,60.39532470703125,192.00999450683597,193.50103759765625,50.38308334350586,286.6300048828125,31.450000762939453,136.72100830078125,14.40610122680664
2019-08-30,153.31285095214844,83.01985168457031,59.95753479003906,193.07000732421875,192.9460906982422,50.02716064453125,284.510009765625,31.450000762939453,136.60218811035156,14.606185913085938
2019-09-03,150.39297485351562,81.79381561279297,59.64744567871094,183.63999938964844,190.58985900878903,50.4819564819336,282.45001220703125,30.899999618530277,138.9886474609375,14.615715026855469
2019-09-04,151.74864196777344,81.94951629638672,60.541236877441406,183.3800048828125,192.49822998046875,52.89433288574219,284.6000061035156,30.950000762939453,140.50369262695312,14.568075180053713
2019-09-05,155.69236755371094,83.58421325683594,61.13406753540039,190.25,194.23129272460935,53.96210479736328,287.75,31.5,145.1181640625,14.710993766784668
2019-09-06,155.41744995117188,83.72042846679688,61.672176361083984,189.42999267578125,195.8183135986328,53.96210479736328,284.94000244140625,30.559999465942383,145.771728515625,14.587130546569824
2019-09-09,157.31349182128906,81.94951629638672,60.83308792114258,186.80999755859372,189.6941375732422,54.5651969909668,279.29998779296875,30.5,145.98956298828125,14.320350646972656
2019-09-10,160.0816650390625,80.96674346923828,62.182918548583984,191.82000732421875,184.6604156494141,55.39568710327149,276.1400146484375,30.229999542236328,153.18853759765625,14.463268280029297
2019-09-11,159.34222412109375,82.24140930175781,63.37769317626953,191.07000732421875,186.3253326416016,54.28836441040039,277.7799987792969,29.76000022888184,157.30787658691406,14.815799713134766
2019-09-12,161.71226501464844,82.91281127929688,64.59981536865234,188.0200042724609,190.36595153808597,54.82225799560547,278.0199890136719,30.209999084472656,153.6836700439453,14.930132865905762
2019-09-13,162.5275421142578,81.99815368652344,64.30796813964844,186.41000366210935,189.4896545410156,55.316593170166016,278.3500061035156,30.690000534057617,155.46604919433594,15.044466972351074
2019-09-16,160.84957885742188,81.1126937866211,64.371826171875,190.5399932861328,189.0417938232422,55.14851760864258,282.92999267578125,30.82999992370605,154.54515075683594,15.244551658630373
2019-09-17,159.33273315429688,81.3267593383789,65.30208587646484,190.5399932861328,189.8109588623047,54.72338485717773,284.69000244140625,30.989999771118164,154.54515075683594,15.13974666595459
2019-09-18,158.7355194091797,81.3851318359375,65.00111389160156,190.6699981689453,189.0125732421875,54.49599075317383,279.7200012207031,30.420000076293945,152.2874298095703,15.292190551757812
2019-09-19,158.38475036621094,80.98619842529297,65.36592864990234,192.32000732421875,189.53836059570312,54.38723373413086,281.260009765625,30.290000915527344,151.3661651611328,15.196911811828612
2019-09-20,158.0908660888672,81.3267593383789,66.02261352539062,192.75999450683597,187.99996948242188,54.14006423950195,277.9100036621094,30.049999237060547,154.2290496826172,15.330302238464355
2019-09-23,158.0908660888672,80.91808319091797,66.51510620117188,186.00999450683597,187.7566070556641,53.56663131713867,277.44000244140625,30.63999938964844,159.70713806152344,15.482747077941896
2019-09-24,156.1758575439453,80.21749114990234,66.53335571289062,184.3500061035156,185.1277618408203,53.34912109375,272.4700012207031,29.520000457763672,157.72592163085938,15.40652561187744
2019-09-25,155.4743194580078,80.62616729736328,65.74899291992188,185.27999877929688,185.83853149414065,54.31802749633789,277.42999267578125,29.540000915527344,160.75718688964844,15.358887672424316
2019-09-26,155.31317138671875,80.43156433105469,67.51835632324219,177.64999389648438,187.0555725097656,53.606178283691406,283.8099975585937,29.46999931335449,158.87503051757812,15.454163551330566
2019-09-27,155.97677612304688,79.63368225097656,68.26622772216797,175.88999938964844,186.33506774902344,51.737579345703125,277.5400085449219,28.71999931335449,160.16282653808594,15.539915084838867
2019-09-30,155.85353088378906,81.4143295288086,69.05970764160156,177.88999938964844,187.27951049804688,52.32089614868164,276.25,28.989999771118164,163.84791564941406,15.568500518798828
2019-10-01,150.146484375,79.63368225097656,66.7887191772461,170.2100067138672,184.6214599609375,52.30112457275391,272.7099914550781,28.76000022888184,165.72018432617188,15.473219871520996
2019-10-02,147.5583953857422,77.38594055175781,65.78546905517578,163.38999938964844,179.9772186279297,51.65848159790039,266.6600036621094,28.309999465942383,161.4308319091797,14.958717346191406
2019-10-03,147.16024780273438,78.88443756103516,67.35417938232422,167.02999877929688,180.91189575195312,53.4578742980957,272.3999938964844,28.68000030517578,158.35992431640625,15.053995132446287
2019-10-04,147.7195587158203,79.77963256835938,68.09294128417969,169.25,184.64096069335935,54.8123664855957,276.9599914550781,29.01000022888184,158.43914794921875,15.2731351852417
2019-10-07,145.5391387939453,78.85523223876953,67.7919692993164,164.42999267578125,181.8855438232422,54.78270721435547,276.8999938964844,28.93000030517578,156.7848358154297,15.101634979248049
2019-10-08,142.90367126464844,76.39344024658203,67.06232452392578,159.49000549316406,177.39706420898438,53.51719665527344,270.8299865722656,28.229999542236328,152.88180541992188,14.77768898010254
2019-10-09,143.14068603515625,77.35674285888672,66.8525619506836,159.30999755859375,179.48065185546875,52.82512283325195,274.2699890136719,28.459999084472656,152.96107482910156,14.806270599365234
2019-10-10,144.39202880859375,77.9794921875,67.90140533447266,162.33999633789062,178.9840850830078,53.082176208496094,274.9800109863281,28.3799991607666,154.4866180419922,15.073050498962402
2019-10-11,149.8810577392578,77.79387664794922,68.13274383544922,169.63999938964844,180.09405517578125,54.19938659667969,278.2900085449219,29.75,157.07211303710938,15.254079818725586
2019-10-14,152.165771484375,77.9794921875,68.25303649902344,176.50999450683594,180.61007690429688,54.38723373413086,277.7799987792969,30.530000686645508,155.84375,15.235023498535156
2019-10-15,154.50733947753906,80.08970642089844,68.93778228759766,177.8699951171875,182.07054138183597,54.93101119995117,279.3900146484375,30.71999931335449,158.2311248779297,15.2636079788208
2019-10-16,153.74893188476562,79.89430236816406,69.16912841796875,178.6699981689453,182.43234252929688,54.960670471191406,272.70001220703125,30.809999465942383,161.22279357910156,15.368413925170898
2019-10-17,155.03823852539062,80.48048400878906,69.52999877929688,176.52000427246094,181.91407775878903,54.960670471191406,269.239990234375,31.13999938964844,162.21340942382812,15.473219871520996
2019-10-18,154.62112426757812,80.88102722167969,70.75145721435547,175.3000030517578,182.93104553222656,53.92255783081055,265.5199890136719,30.96999931335449,161.96575927734375,15.606608390808104
2019-10-21,157.31349182128906,79.76730346679688,71.52873992919922,175.97000122070312,183.18524169921875,54.88157272338867,266.8399963378906,32.029998779296875,164.47203063964844,15.663778305053713
2019-10-22,158.8302764892578,78.68289947509766,72.05619049072266,170.8300018310547,178.66770935058594,53.90278244018555,261.0899963378906,31.51000022888184,164.42247009277344,16.1020565032959
2019-10-23,159.9868621826172,79.39605712890625,71.94514465332031,178.72999572753906,179.98779296875,54.17961120605469,261.32000732421875,31.36000061035156,163.570556640625,16.321199417114258
2019-10-24,153.47401428222656,79.48399353027344,71.0660629272461,179.9600067138672,180.89715576171875,54.8123664855957,269.70001220703125,31.71999931335449,165.24468994140625,16.08300018310547
2019-10-25,157.45565795898438,79.76730346679688,70.81623840332031,182.33999633789065,179.0099639892578,54.634403228759766,270.9800109863281,32.709999084472656,164.00640869140625,16.006778717041016
2019-10-28,160.2712860107422,80.75401306152344,72.48184204101562,183.91000366210935,178.8143768310547,53.94232940673828,271.3500061035156,33.689998626708984,164.84844970703125,16.178279876708984
2019-10-29,160.03427124023438,81.52578735351562,72.61139678955078,184.9499969482422,180.70159912109372,53.388668060302734,271.45001220703125,33.029998779296875,162.8077850341797,16.28308868408203
2019-10-30,159.61712646484375,82.07288360595703,73.71253967285156,181.7700042724609,182.44210815429688,55.23749923706055,278.4100036621094,33.130001068115234,162.4313507080078,16.39742088317871
2019-10-31,156.41287231445312,81.68211364746094,73.61075592041016,207.5800018310547,181.30783081054688,55.39568710327149,277.92999267578125,33.93000030517578,160.95530700683594,16.375329971313477
2019-11-01,161.2477264404297,80.75401306152344,75.64649963378906,216.7899932861328,184.0457305908203,55.18806457519531,277.82000732421875,34.88999938964844,163.27337646484375,16.81713104248047
2019-11-04,165.8076629638672,80.32416534423828,76.79391479492188,220.4199981689453,183.6350555419922,55.07930755615234,277.5,36.290000915527344,165.04656982421875,16.73069190979004
2019-11-05,166.158447265625,80.44139862060547,75.72977447509766,217.5399932861328,182.73545837402344,54.91123580932617,289.2900085449219,36.150001525878906,166.5622100830078,16.509790420532227
2019-11-06,164.9544677734375,81.20341491699219,75.95185852050781,214.6100006103516,185.0333404541016,55.721954345703125,287.3999938964844,35.93000030517578,168.10755920410156,16.98040199279785
2019-11-07,165.4474334716797,81.4671859741211,75.8870849609375,219.1300048828125,184.89642333984372,53.93244171142578,290.7699890136719,36.27999877929688,167.69151306152344,16.874753952026367
2019-11-08,164.14865112304688,81.80911254882812,78.8481674194336,219.6199951171875,185.49290466308597,53.68527221679688,292.4599914550781,36.290000915527344,165.82916259765625,16.94198226928711
2019-11-11,161.26670837402344,81.82865905761719,79.26457977294922,220.0800018310547,185.8449249267578,51.92542266845703,290.2699890136719,36.310001373291016,167.23585510253906,17.220510482788086
2019-11-12,161.958740234375,82.39527893066406,79.98634338378906,223.5399932861328,187.18453979492188,51.36187744140625,291.7200012207031,36.709999084472656,154.67483520507812,17.345365524291992
2019-11-13,161.68382263183594,82.27804565429688,80.1899185180664,220.00999450683597,190.1864776611328,51.737579345703125,293.5400085449219,37.52000045776367,157.0919189453125,17.43180274963379
2019-11-14,162.0440673828125,82.18034362792969,81.08749389648438,220.9499969482422,191.89764404296875,52.10338973999024,294.5299987792969,38.34999847412109,155.35833740234375,17.681514739990234
2019-11-15,162.94468688964844,83.73368835449219,82.0128402709961,223.22999572753903,192.44520568847656,52.83500671386719,297.5,38.560001373291016,161.13363647460938,17.719934463500977
2019-11-18,161.67434692382812,82.31712341308594,82.10537719726562,178.08999633789062,193.62838745117188,52.1330451965332,297.1600036621094,39.880001068115234,162.1341552734375,17.758352279663086
2019-11-19,161.8070526123047,82.346435546875,82.37371826171875,184.33999633789065,193.9413146972656,52.67681884765625,300.6000061035156,41.290000915527344,160.4600067138672,17.74874496459961
2019-11-20,159.04835510253906,81.95565795898438,80.6895980834961,185.25,193.3252716064453,53.4776496887207,300.1000061035156,40.97999954223633,160.22225952148438,17.863998413085938
2019-11-21,157.91043090820312,81.75048828125,80.06036376953125,186.66000366210935,192.4158935546875,53.082176208496094,298.79998779296875,39.52000045776367,156.8442840576172,17.767953872680664
2019-11-22,160.26275634765625,81.80911254882812,79.6254653930664,182.0,192.29856872558597,52.43953704833984,299.29998779296875,39.150001525878906,156.38858032226562,18.08489799499512
2019-11-25,162.78717041015625,82.54181671142578,81.20780181884766,187.57000732421875,193.9608612060547,53.121726989746094,305.2799987792969,39.790000915527344,157.6565704345703,18.036874771118164
2019-11-26,161.8213653564453,83.45037078857422,81.17078399658203,194.25999450683597,196.4640655517578,53.55674362182617,307.8999938964844,38.9900016784668,155.61590576171875,18.0080623626709
2019-11-27,163.14097595214844,83.45037078857422,81.73524475097656,196.7899932861328,196.7867584228516,53.86323547363281,309.0599975585937,39.40999984741211,157.2900390625,18.142520904541016
2019-11-29,162.33773803710938,83.47967529296875,81.18003845214844,196.17999267578125,196.69876098632807,54.20927429199219,309.5299987792969,39.150001525878906,155.60598754882812,18.161731719970703
2019-12-02,160.90341186523438,82.56135559082031,80.53228759765625,192.22000122070312,195.16358947753903,53.61606597900391,302.75,38.72999954223633,155.08099365234375,18.17133331298828
2019-12-03,157.93910217285156,82.4148178100586,79.53292846679688,191.1499938964844,194.3421936035156,53.97199249267578,303.9100036621094,38.900001525878906,151.17794799804688,18.09449958801269
2019-12-04,159.8228759765625,83.21590423583984,80.6895980834961,193.88999938964844,195.1537933349609,53.2700309753418,302.510009765625,39.68999862670898,150.9005889892578,18.15212631225586
2019-12-05,157.1741485595703,83.2745132446289,80.24544525146484,189.07000732421875,195.4178009033203,54.367462158203125,303.0299987792969,39.619998931884766,150.8609619140625,18.065689086914062
2019-12-06,163.96331787109375,83.50898742675781,80.48603057861328,189.22000122070312,198.05795288085935,54.5849723815918,306.2300109863281,39.630001068115234,153.16909790039062,17.979249954223633
2019-12-09,162.39511108398438,81.93611907958984,79.98634338378906,181.69000244140625,197.5494842529297,53.77425384521485,307.04998779296875,38.93000030517578,150.147705078125,18.04648208618164
2019-12-10,160.3201141357422,82.61019897460938,80.09737396240234,179.75,197.40280151367188,55.30670547485352,304.1700134277344,39.43999862670898,154.7045440673828,18.373023986816406
2019-12-11,161.35284423828125,82.95213317871094,80.22692108154297,178.8699951171875,197.81349182128903,55.84059143066406,303.739990234375,39.470001220703125,154.43707275390625,18.161731719970703
2019-12-12,161.1807098388672,83.9876937866211,82.10537719726562,179.14999389648438,199.3975372314453,57.89704895019531,305.9599914550781,42.59000015258789,154.65499877929688,18.18094062805176
2019-12-13,161.400634765625,84.35893249511719,81.28181457519531,181.8500061035156,202.0767822265625,57.98603057861328,317.94000244140625,41.150001525878906,153.75357055664062,18.17133331298828
2019-12-16,163.27484130859375,84.40777587890625,82.75310516357422,176.30999755859375,200.45358276367188,57.94647979736328,323.79998779296875,42.34999847412109,152.0595703125,18.60352897644043
2019-12-17,162.49073791503906,85.05255126953125,83.35457611083984,178.92999267578125,198.8890686035156,57.60044097900391,322.8500061035156,42.77000045776367,156.49752807617188,18.17133331298828
2019-12-18,161.63014221191406,84.92555236816406,82.66057586669922,177.00999450683594,201.1967315673828,58.35184097290039,324.3800048828125,42.29999923706055,156.5470733642578,18.41144371032715
2019-12-19,164.61354064941406,85.33586883544922,82.14238739013672,169.42999267578125,203.6804351806641,58.460594177246094,327.6300048828125,42.83000183105469,155.0705108642578,18.77640724182129
2019-12-20,167.6925811767578,84.66178894042969,82.6235580444336,162.88999938964844,206.4183349609375,58.54957580566406,327.6099853515625,44.150001525878906,156.6957244873047,19.0261173248291
2019-12-23,170.65687561035156,85.33586883544922,83.51188659667969,170.44000244140625,206.15431213378903,58.22330856323242,328.95001220703125,45.459999084472656,158.52906799316406,19.035722732543945
2019-12-24,168.9452362060547,85.26748657226562,83.1417465209961,172.3000030517578,206.91700744628903,58.14421463012695,329.6400146484375,46.540000915527344,159.12368774414062,18.97809600830078
2019-12-26,168.85916137695312,85.26748657226562,83.12324523925781,171.00999450683594,207.3472595214844,58.22330856323242,331.20001220703125,46.630001068115234,157.83538818359375,19.141372680664062
2019-12-27,169.49984741210938,85.38471984863281,82.54027557373047,169.27000427246094,207.5134735107422,58.51991271972656,330.7900085449219,46.18000030517578,156.92367553710938,19.18939208984375
2019-12-30,168.1324462890625,84.7985610961914,81.91104888916016,167.2899932861328,205.96849060058597,58.21342468261719,328.3399963378906,45.52000045776367,157.68670654296875,19.247018814086918
2019-12-31,168.69662475585938,84.85717010498047,81.9295654296875,170.58999633789062,205.90008544921875,58.74731063842773,329.8099975585937,45.86000061035156,158.7173614501953,19.1125545501709
2020-01-02,172.11988830566406,84.9450912475586,82.86415100097656,168.80999755859375,205.4893798828125,57.98603057861328,334.42999267578125,49.09999847412109,157.97412109375,19.23741340637207
2020-01-03,170.6377410888672,83.90953826904297,82.07760620117188,166.82000732421875,205.14712524414065,58.00579833984375,331.8099975585937,48.59999847412109,157.98402404785156,19.016511917114254
2020-01-06,170.80030822753906,84.34915924072266,82.72534942626953,179.0399932861328,203.8075256347656,59.06369018554688,333.7099914550781,48.38999938964844,155.3876190185547,19.23741340637207
2020-01-07,170.11181640625,83.8802261352539,82.25342559814453,180.3500061035156,199.4073181152344,59.65689468383789,333.3900146484375,48.25,153.5443878173828,19.304643630981445
2020-01-08,172.72232055664062,84.22216033935547,82.83639526367188,178.69000244140625,199.7984771728516,59.20210266113281,337.8699951171875,47.83000183105469,151.78041076660156,19.266225814819336
2020-01-09,173.26736450195312,84.44686126708984,83.4748764038086,183.6000061035156,201.57809448242188,58.668216705322266,340.45001220703125,48.970001220703125,151.49301147460938,19.45831298828125
2020-01-10,172.56932067871094,83.39175415039062,82.41072845458984,189.05999755859372,203.0545959472656,58.28263092041016,339.8099975585937,48.16999816894531,147.66778564453125,19.38147735595703
2020-01-13,172.99960327148438,83.15729522705078,81.91104888916016,168.10000610351562,204.9418029785156,58.56935119628906,345.6300048828125,48.75,143.9515838623047,19.506332397460938
2020-01-14,173.42990112304688,84.1187515258789,82.71759033203125,172.72999572753906,203.12306213378903,59.37017822265625,344.6300048828125,48.209999084472656,147.5587921142578,19.592771530151367
2020-01-15,171.90951538085938,85.72774505615234,83.71171569824219,177.9199981689453,203.4469757080078,58.964820861816406,342.94000244140625,48.54999923706055,148.85699462890625,19.65039825439453
2020-01-16,173.08566284179688,86.61073303222656,83.71171569824219,181.44000244140625,205.1353454589844,59.74587631225586,345.3800048828125,49.77000045776367,150.57139587402344,19.756046295166016
2020-01-17,173.41079711914062,87.3171157836914,82.530029296875,181.27999877929688,205.35130310058597,60.54670715332031,349.739990234375,50.93000030517578,149.68942260742188,19.68881607055664
2020-01-21,171.53659057617188,88.0333251953125,82.5206527709961,189.91000366210935,205.30221557617188,60.72466659545898,350.0,51.04999923706055,147.6578826904297,19.660001754760746
2020-01-22,170.2361297607422,90.12303161621094,81.78913116455078,184.4199981689453,205.5574188232422,59.63711929321289,350.0599975585937,51.43000030517578,146.3200225830078,19.592771530151367
2020-01-23,169.95883178710938,89.01441192626953,79.96971893310547,184.4600067138672,206.80404663085935,59.44927597045898,351.760009765625,51.709999084472656,148.3813018798828,19.74644088745117
2020-01-24,170.35089111328125,88.6906509399414,78.34725952148438,182.97999572753903,204.7328948974609,58.7275390625,351.3699951171875,50.34999847412109,140.40380859375,19.573562622070312
2020-01-27,167.9412078857422,87.89596557617188,78.79740905761719,181.4499969482422,202.7500457763672,57.65976333618164,346.8999938964844,49.2599983215332,137.80743408203125,19.285436630249023
2020-01-28,158.3311767578125,87.8469009399414,78.56295013427734,187.00999450683597,206.37217712402344,59.35040283203125,354.6300048828125,50.52999877929688,137.3317413330078,19.38147735595703
2020-01-29,154.90789794921875,87.45446014404297,78.02838897705078,188.8500061035156,204.1341094970703,59.716217041015625,351.6600036621094,47.5099983215332,137.30201721191406,19.51593589782715
2020-01-30,155.3955841064453,87.4740982055664,76.69664764404297,186.8500061035156,204.5365447998047,60.20066833496094,356.739990234375,48.77999877929688,134.0515594482422,19.51883888244629
2020-01-31,151.71412658691406,85.4922866821289,75.98389434814453,186.2899932861328,201.43472290039065,57.81795120239258,351.1400146484375,47.0,130.5632781982422,19.209325790405277
2020-02-03,149.7347412109375,85.4137954711914,77.184326171875,185.9499969482422,203.97705078125,57.55100631713867,358.0,48.02000045776367,131.45516967773438,19.64457893371582
2020-02-04,150.35629272460938,86.56168365478516,79.11627197265625,190.8999938964844,208.62005615234372,58.5396842956543,366.739990234375,49.45000076293945,130.37498474121094,19.93475341796875
2020-02-05,155.2234344482422,87.86652374267578,81.24517059326172,190.72999572753903,208.3157501220703,58.18376159667969,365.5499877929688,49.84000015258789,135.78578186035156,20.079835891723636
2020-02-06,155.75892639160156,87.77822875976562,81.76099395751953,196.00999450683597,210.2200469970703,59.57780075073242,367.4599914550781,49.31999969482422,133.15966796875,19.905733108520508
2020-02-07,153.0719451904297,86.20848846435547,86.5533676147461,186.91000366210935,207.6875,60.83342361450195,366.0899963378906,49.72999954223633,131.7326202392578,19.82835578918457
2020-02-10,153.13888549804688,86.63035583496094,88.86044311523438,174.0800018310547,208.63967895507807,60.93228912353516,370.0,52.2599983215332,129.50289916992188,19.847700119018555
2020-02-11,155.3382110595703,87.48390197753906,90.03276062011719,175.82000732421875,208.23719787597656,60.49726867675781,369.2799987792969,53.79999923706055,130.92001342773438,20.10885429382324
2020-02-12,156.62908935546875,87.11109161376953,91.71149444580078,166.94000244140625,208.0899658203125,62.08904266357422,374.2900085449219,53.88999938964844,133.110107421875,20.27328491210937
2020-02-13,154.14935302734375,87.00315856933594,89.42315673828125,164.8000030517578,208.49241638183597,61.88142395019531,374.8399963378906,54.52999877929688,133.4569549560547,20.14754295349121
2020-02-14,155.35545349121094,87.96464538574219,88.20397186279297,167.22000122070312,208.4629821777344,62.80089569091797,379.6700134277344,55.310001373291016,132.3866729736328,20.24426651000977
2020-02-18,153.30027770996094,87.19938659667969,87.79130554199219,169.0,209.8274078369141,63.018402099609375,378.8500061035156,56.88999938964844,140.53265380859375,20.340991973876957
2020-02-19,153.7440948486328,87.6703109741211,88.28837585449219,167.89999389648438,211.9476623535156,63.64127349853516,383.2799987792969,58.900001525878906,138.85784912109375,20.22492408752441
2020-02-20,152.9915008544922,86.78732299804688,88.3727798461914,168.0800018310547,209.96481323242188,63.27545928955078,378.9599914550781,57.27000045776367,141.1966094970703,20.118526458740234
2020-02-21,151.41873168945312,85.79642486572266,89.0573959350586,166.74000549316406,207.9917907714844,62.662479400634766,372.9500122070313,53.27999877929688,139.3434600830078,20.070165634155277
2020-02-24,147.1925811767578,83.02974700927734,87.35053253173828,165.2899932861328,200.6003570556641,61.60459518432617,357.4100036621094,49.119998931884766,138.64976501464844,19.586544036865234
2020-02-25,141.69276428222656,79.59593200683594,83.63668060302734,158.8000030517578,193.47390747070312,58.8362922668457,347.79998779296875,47.56999969482422,136.36056518554688,18.74504852294922
2020-02-26,143.72865295410156,79.82158660888672,82.91455078125,154.08999633789062,192.07020568847656,58.697872161865234,351.3399963378906,47.4900016784668,133.328125,18.077655792236328
2020-02-27,144.88650512695312,77.69261169433594,80.11039733886719,153.97000122070312,183.0100250244141,57.669654846191406,337.5199890136719,44.0099983215332,132.9218292236328,17.69076156616211
2020-02-28,143.99880981445312,75.57345581054688,80.38236999511719,150.25999450683594,177.26763916015625,57.4719123840332,345.1199951171875,45.47999954223633,131.78216552734375,16.181873321533203
2020-03-02,147.6460723876953,80.06685638427734,83.17713928222656,155.10000610351562,186.0627899169922,59.9040641784668,360.2799987792969,47.459999084472656,131.79208374023438,17.62305450439453
2020-03-03,140.13929748535156,76.51529693603516,82.12676239013672,149.17999267578125,178.86766052246094,58.08489227294922,348.3399963378906,46.75,129.1560516357422,16.858936309814453
2020-03-04,148.5723419189453,80.53777313232422,86.04692840576172,154.22999572753906,185.385498046875,61.84187698364258,363.8500061035156,50.11000061035156,131.70289611816406,17.245834350585938
2020-03-05,146.09262084960938,78.9974594116211,84.97779083251953,154.50999450683594,179.20138549804688,60.82353591918945,351.0299987792969,48.11000061035156,125.77676391601562,16.181873321533203
2020-03-06,148.25393676757812,80.19438934326172,83.29904174804688,157.0800018310547,175.46148681640625,59.29108428955078,336.7699890136719,48.59000015258789,126.7578582763672,16.268922805786133
2020-03-09,139.00074768066406,75.56363677978516,79.96971893310547,156.3699951171875,161.0908203125,56.70074081420898,305.7900085449219,43.27000045776367,129.185791015625,14.102313041687012
2020-03-10,147.91624450683594,79.35064697265625,82.0892333984375,164.72999572753906,171.34857177734375,60.022705078125,332.3800048828125,45.380001068115234,133.982177734375,14.71167278289795
2020-03-11,142.0690460205078,76.61341094970703,79.5758285522461,151.1300048828125,162.0724334716797,58.65833282470703,315.2300109863281,45.70000076293945,124.48848724365234,13.696073532104492
2020-03-12,128.8887939453125,73.3267593383789,73.72369384765625,136.97000122070312,149.72384643554688,53.94232940673828,285.0,39.0099983215332,108.18665313720705,11.78094482421875
2020-03-13,136.7042999267578,80.10609436035156,80.0634994506836,142.82000732421875,163.44667053222656,58.37161636352539,335.5,43.900001525878906,112.66594696044922,12.574079513549805
2020-03-16,126.31256103515624,72.26718139648438,69.6534652709961,142.44000244140625,149.73367309570312,52.16270446777344,286.0299987792969,38.709999084472656,94.3920440673828,10.62993335723877
2020-03-17,129.71856689453125,77.98694610595703,68.48116302490234,145.25,154.80857849121094,55.52421569824219,311.8099975585937,41.880001068115234,99.34699249267578,11.18125820159912
2020-03-18,132.20797729492188,77.76129150390625,66.61486053466797,146.5500030517578,148.3692626953125,54.960670471191406,294.6099853515625,39.119998931884766,87.94066619873047,9.246785163879396
2020-03-19,132.68075561523438,73.09130096435547,66.64298248291016,140.50999450683594,155.5840301513672,53.51719665527344,307.510009765625,39.81999969482422,85.43632507324219,10.62993335723877
2020-03-20,120.50396728515624,66.7142105102539,64.542236328125,130.50999450683594,147.1815185546875,51.46074295043945,295.3399963378906,39.61000061035156,74.56422424316406,11.481101036071776
2020-03-23,113.73050689697266,61.63215255737305,60.490760803222656,132.33999633789062,141.0465087890625,55.83070755004883,307.2699890136719,41.63999938964844,78.01268005371094,11.481101036071776
2020-03-24,128.0590057373047,68.37226104736328,63.29489135742188,143.6699981689453,153.9644012451172,53.81380462646485,310.0,46.220001220703125,85.84376525878906,12.245217323303224
2020-03-25,126.92042541503906,69.41220092773438,63.68879318237305,146.88999938964844,149.0269317626953,52.271461486816406,305.9100036621094,44.630001068115234,89.80901336669922,12.399975776672363
2020-03-26,131.39747619628906,74.37651824951172,69.2408218383789,149.1699981689453,168.18780517578125,57.06655502319336,322.6700134277344,47.5,96.51710510253906,13.057697296142578
2020-03-27,128.56072998046875,73.15015411376953,68.15291595458984,145.24000549316406,159.8834686279297,56.31515884399414,305.8299865722656,46.58000183105469,95.0065460205078,13.0093355178833
2020-03-30,132.90267944335938,77.83976745605469,70.56317138671875,148.99000549316406,166.69578552246094,57.808067321777344,318.3900146484375,47.86000061035156,95.90095520019533,13.21245574951172
2020-03-31,131.7158660888672,77.41790771484375,71.4541244506836,145.16000366210938,160.25645446777344,58.8066291809082,318.239990234375,45.47999954223633,92.74069213867188,13.15442180633545
2020-04-01,128.4642333984375,75.12215423583984,68.8563003540039,144.47999572753906,151.8343048095703,56.84904479980469,301.2099914550781,43.65999984741211,88.616455078125,12.38063144683838
2020-04-02,133.06671142578125,77.9378890991211,70.45999908447266,143.27999877929688,153.3950653076172,60.09191131591797,303.9599914550781,44.4900016784668,87.8611831665039,12.612768173217772
2020-04-03,129.09140014648438,77.94769287109375,68.80941772460938,141.39999389648438,149.35086059570312,59.30097198486328,293.6099853515625,42.59000015258789,84.12451171875,11.83897876739502
2020-04-06,135.75872802734375,81.16567993164062,71.02272033691406,150.25999450683594,162.99514770507812,60.90262985229492,319.1300048828125,47.52000045776367,95.21522521972656,13.173766136169434
2020-04-07,139.52175903320312,80.38080596923828,70.70384979248047,152.77999877929688,161.1006317138672,59.19221496582031,308.92999267578125,47.560001373291016,98.82270050048828,12.796542167663574
2020-04-08,143.7576141357422,83.34370422363281,73.67681121826172,156.27000427246094,168.5706329345703,60.37863159179688,317.17999267578125,48.790000915527344,101.88357543945312,13.6670560836792
2020-04-09,142.590087890625,84.41309356689453,74.79283905029297,160.0800018310547,174.64674377441406,59.775535583496094,318.70001220703125,48.380001068115234,106.19664001464844,14.237727165222168
2020-04-13,141.25852966308594,84.2266845703125,75.30864715576172,156.38999938964844,169.3951873779297,62.03961181640625,320.6499938964844,50.93999862670898,109.317138671875,13.725090026855469
2020-04-14,144.86720275878906,87.82273864746094,78.17363739013672,161.35000610351562,174.82345581054688,62.97507858276367,340.7699890136719,54.93000030517578,114.6736831665039,13.55098819732666
2020-04-15,140.0620880126953,89.59615325927734,77.87858581542969,159.5399932861328,167.08309936523438,65.39337158203125,332.54998779296875,54.9900016784668,111.29478454589844,12.274234771728516
2020-04-16,139.8112335205078,94.58136749267578,77.91665649414062,160.1999969482422,165.6040496826172,67.72209930419922,342.70001220703125,56.95000076293945,116.80039978027344,11.761600494384766
2020-04-17,141.3164520263672,94.59122467041016,79.43006134033203,166.02000427246094,172.64431762695312,66.55773162841797,344.1099853515625,56.59999847412109,118.12214660644533,12.690147399902344
2020-04-20,138.62442016601562,96.55181884765624,79.94405364990234,166.1999969482422,172.29922485351562,66.1795654296875,344.8800048828125,56.970001220703125,114.68362426757812,12.283907890319824
2020-04-21,136.6560821533203,92.66019439697266,76.48890686035156,164.5,163.91793823242188,65.40332794189453,328.989990234375,52.91999816894531,112.80535888671876,12.05177116394043
2020-04-22,138.56654357910156,94.06905364990234,77.54544830322266,166.72999572753906,169.90313720703125,66.65725708007812,336.7699890136719,55.91999816894531,112.31839752197266,12.264562606811523
2020-04-23,139.26124572753906,92.55181121826172,78.08798217773438,170.75999450683594,170.4849090576172,65.56255340576172,335.3699951171875,55.900001525878906,112.68609619140624,12.274234771728516
2020-04-24,141.83749389648438,92.67003631591795,79.56331634521484,168.52000427246094,173.0091552734375,66.32884216308594,344.1000061035156,56.18000030517578,116.86002349853516,12.438665390014648
2020-04-27,148.25393676757812,93.54688262939452,80.6103286743164,163.47000122070312,176.92369079589844,66.73686218261719,348.5,56.4900016784668,118.21158599853516,12.844905853271484
2020-04-28,152.0748748779297,90.10845947265624,78.77330780029297,164.39999389648438,175.86863708496094,63.55228805541992,333.45001220703125,55.5099983215332,120.21904754638672,13.18343734741211
2020-04-29,150.77227783203125,90.91633605957033,79.72512817382812,169.27999877929688,184.94015502929688,64.4778060913086,349.1700134277344,53.65999984741211,124.13458251953124,13.850831031799316
2020-04-30,146.58470153808594,90.7291488647461,78.24027252197266,191.25,182.60325622558597,63.42291259765625,353.6400146484375,52.38999938964844,120.159423828125,12.94515895843506
2020-05-01,143.3813018798828,88.52224731445312,78.84943389892578,183.4900054931641,177.57447814941406,64.40814208984375,343.8399963378906,49.880001068115234,115.8662338256836,12.642291069030762
2020-05-04,143.18829345703125,88.50254821777344,77.91665649414062,181.0,177.0222930908203,66.37860107421875,349.1099853515625,52.560001373291016,119.36438751220705,12.51528263092041
2020-05-05,142.25238037109375,91.65525817871094,81.25757598876953,186.22000122070312,179.08311462402344,68.19978332519531,356.1300048828125,52.18999862670898,120.43767547607422,12.749760627746582
2020-05-06,141.06556701660156,89.73407745361328,81.30516815185547,186.91000366210935,177.8604278564453,72.51887512207031,362.5199890136719,52.15999984741211,120.40787506103516,12.241724014282228
2020-05-07,140.62173461914062,92.60107421875,80.1629638671875,188.3300018310547,184.49642944335935,72.74776458740234,366.7799987792969,51.95000076293945,118.86748504638672,11.841156959533691
2020-05-08,143.29444885253906,92.31535339355467,79.91549682617188,187.07000732421875,185.92616271972656,72.78756713867188,367.510009765625,53.18999862670898,124.074951171875,12.573901176452637
2020-05-11,140.61207580566406,94.65033721923828,83.66570281982422,194.6100006103516,185.12747192382807,75.09638977050781,371.4200134277344,55.7400016784668,125.15819549560548,12.114713668823242
2020-05-12,136.5499267578125,92.41388702392578,86.10237884521484,191.2899932861328,183.1258544921875,71.90185546875,365.1000061035156,53.7599983215332,123.72712707519533,12.183104515075684
2020-05-13,131.33958435058594,90.7981185913086,84.58898162841797,185.6000061035156,178.47177124023438,73.31501770019531,358.5599975585937,52.18000030517578,118.4997787475586,11.342889785766602
2020-05-14,131.2141571044922,90.4237289428711,85.60743713378906,184.2700042724609,177.4758758544922,72.60843658447266,355.3900146484375,54.5099983215332,120.3780517578125,11.54805850982666
2020-05-15,133.81932067871094,88.56166076660156,86.34033966064453,184.9199981689453,181.31155395507807,73.56381225585938,365.2999877929688,54.20000076293945,125.2774429321289,11.479669570922852
2020-05-18,144.0277557373047,88.93604278564453,87.06372833251953,191.0500030517578,190.05764770507807,72.52882385253906,367.9700012207031,54.59000015258789,130.2960968017578,12.739990234375
2020-05-19,143.1690216064453,86.91633605957031,86.80672454833984,190.7899932861328,187.43479919433597,72.6781005859375,372.2000122070313,55.470001220703125,134.97686767578125,12.51528263092041
2020-05-20,144.42333984375,88.75870513916016,86.79720306396484,196.3600006103516,192.4536895751953,73.42448425292969,383.6300048828125,56.38999938964844,134.8774871826172,12.671601295471191
2020-05-21,142.0846710205078,89.05426788330078,88.5390625,196.32000732421875,190.79714965820312,72.12080383300781,382.1700134277344,54.650001525878906,133.9532470703125,12.026785850524902
2020-05-22,142.69859313964844,90.1183090209961,87.66337585449219,206.16000366210935,191.00425720214844,72.72785949707031,385.260009765625,55.16999816894531,132.65138244628906,11.958395957946776
2020-05-26,148.19447326660156,88.15772247314453,86.34033966064453,209.0800018310547,193.6566619873047,69.66270446777344,376.6300048828125,53.18999862670898,134.73834228515625,12.58367156982422
2020-05-27,154.10939025878906,89.4188003540039,85.6455078125,207.75999450683597,197.1373443603516,69.81198120117188,375.1700134277344,52.7400016784668,140.83030700683594,12.476202964782717
2020-05-28,152.81338500976562,90.73900604248048,85.6930923461914,217.3600006103516,198.85304260253903,69.88164520263672,379.8299865722656,51.7400016784668,137.58059692382812,12.5934419631958
2020-05-29,152.44308471679688,93.51732635498048,88.20591735839844,223.8999938964844,198.8037567138672,71.63316345214844,386.6000061035156,53.79999923706055,138.45513916015625,12.202643394470217
2020-06-01,151.60507202148438,91.63555908203124,86.330810546875,226.13999938964844,200.5391540527344,72.63829040527344,389.6799926757813,53.630001068115234,138.92221069335938,12.261263847351074
2020-06-02,153.61244201660156,91.2513198852539,86.65443420410156,230.66000366210935,202.90562438964844,72.62834167480469,390.4400024414063,53.540000915527344,138.62408447265625,12.808380126953123
2020-06-03,157.0912322998047,90.04935455322266,86.51166534423828,238.0399932861328,204.3846893310547,69.58308410644531,389.9200134277344,52.72999954223633,141.4365234375,13.316415786743164
2020-06-04,158.39698791503906,86.94589233398438,88.55809020996094,236.0200042724609,200.26307678222656,69.47361755371094,385.7999877929688,52.630001068115234,141.31724548339844,13.521584510803224
2020-06-05,163.1328125,88.53211212158203,89.3290786743164,249.80999755859372,205.5777740478516,69.09545135498047,392.8999938964844,53.09999847412109,145.19305419921875,13.971001625061035
2020-06-08,162.60659790039062,91.19220733642578,90.0334243774414,253.3000030517578,208.3288116455078,70.3891830444336,397.7799987792969,52.970001220703125,145.44151306152344,14.62558650970459
2020-06-09,162.4409637451172,88.93604278564453,91.5373077392578,245.6199951171875,204.44384765625,71.65306091308594,397.1600036621094,56.38999938964844,143.3147735595703,13.521584510803224
2020-06-10,159.7124786376953,90.7981185913086,92.2321548461914,250.8500061035156,206.504638671875,73.46429443359375,406.8200073242188,57.43999862670898,139.50856018066406,12.866998672485352
2020-06-11,148.48683166503906,86.48284912109375,87.81566619873047,235.6000061035156,193.2129364013672,70.93653106689453,387.6700134277344,52.83000183105469,132.30357360839844,11.919316291809082
2020-06-12,150.91319274902344,87.70451354980469,88.00603485107422,241.67999267578125,198.774169921875,71.33460235595703,406.5400085449219,53.5,134.88742065429688,12.37850284576416
2020-06-15,153.7001190185547,88.22669219970703,88.59617614746094,246.3300018310547,196.99929809570312,72.83733367919922,401.3399963378906,54.68000030517578,136.9942626953125,12.58367156982422
2020-06-16,155.59056091308594,88.41387939453125,91.43260955810548,249.13999938964844,201.54489135742188,72.64824676513672,411.6700134277344,54.459999084472656,141.77439880371094,13.34572696685791
2020-06-17,155.15206909179688,89.55674743652344,91.12803649902344,254.72999572753903,202.333740234375,75.16605377197266,413.489990234375,54.54999923706055,147.71726989746094,13.10147762298584
2020-06-18,155.14231872558594,88.94590759277344,91.59442138671876,253.3600006103516,200.09544372558597,75.64374542236328,420.4599914550781,54.040000915527344,147.04037475585938,13.130786895751951
2020-06-19,154.10939025878906,89.33998107910156,92.05130004882812,257.0899963378906,198.73472595214844,76.21099853515625,428.010009765625,54.22999954223633,144.24310302734375,13.033087730407717
2020-06-22,152.68670654296875,89.0050048828125,92.58433532714844,254.66000366210935,199.77005004882807,75.75321197509766,438.6400146484375,54.7599983215332,150.9127197265625,13.658364295959473
2020-06-23,153.80731201171875,89.95082092285156,92.62239837646484,252.5800018310547,204.5030059814453,76.08161926269531,440.5499877929688,53.9900016784668,149.2901153564453,13.521584510803224
2020-06-24,148.33090209960938,86.00993347167969,90.5569305419922,241.66000366210935,199.02066040039065,75.21581268310547,431.6799926757813,52.38999938964844,142.3517303466797,13.521584510803224
2020-06-25,150.71829223632812,88.295654296875,92.31781768798828,241.75,214.28445434570312,75.8427734375,436.9500122070313,51.93000030517578,142.2621307373047,13.560665130615234
2020-06-26,148.6232452392578,87.39909362792969,91.4992446899414,239.2700042724609,209.502197265625,76.0318603515625,426.9200134277344,50.09999847412109,139.35536193847656,13.433656692504885
2020-06-29,151.59532165527344,87.69467163085938,91.7943115234375,240.22000122070312,209.7487030029297,75.13619995117188,424.2000122070313,50.27999877929688,142.10284423828125,14.010082244873049
2020-06-30,152.0045928955078,90.0789031982422,93.45049285888672,241.55999755859372,211.72076416015625,75.53427124023438,435.30999755859375,52.61000061035156,141.80419921875,14.156630516052246
2020-07-01,151.45889282226562,90.28580474853516,94.36425018310548,255.22000122070312,211.5925750732422,77.65400695800781,439.80999755859375,52.58000183105469,141.30645751953125,14.07847023010254
2020-07-02,153.02774047851562,90.86708068847656,94.11676788330078,263.8399963378906,212.7068023681641,77.13651275634766,442.9500122070313,52.34000015258789,141.19696044921875,14.146860122680664
2020-07-06,154.0606689453125,91.5961456298828,94.24050903320312,266.2099914550781,214.51123046875,78.29092407226562,452.5899963378906,53.400001525878906,138.3300323486328,14.137090682983398
2020-07-07,150.864501953125,91.09368133544922,94.56413269042967,264.5899963378906,213.3082733154297,78.12174224853516,449.3599853515625,52.93000030517578,136.06036376953125,13.81468391418457
2020-07-08,150.630615234375,91.21190643310548,94.49750518798828,265.6400146484375,215.83251953125,78.89797973632812,457.6799926757813,53.43000030517578,135.83140563964844,14.107780456542969
2020-07-09,147.58058166503906,92.28579711914062,93.22205352783205,265.67999267578125,216.2466583251953,80.25143432617188,460.8399963378906,57.2599983215332,133.14366149902344,13.59974479675293
2020-07-10,148.94480895996094,91.66511535644533,92.16551971435548,264.510009765625,217.18338012695312,80.8783950805664,466.2000122070313,55.880001068115234,133.84048461914062,14.029621124267578
2020-07-13,150.84498596191406,91.71437072753906,93.14591217041016,264.54998779296875,212.72653198242188,77.57438659667969,442.4700012207031,53.59000015258789,134.51739501953125,14.303179740905762
2020-07-14,154.4894256591797,93.78147888183594,95.25585174560548,264.4100036621094,216.0987548828125,79.3856201171875,433.7799987792969,54.720001220703125,137.95175170898438,14.420418739318848
2020-07-15,155.25924682617188,95.67056274414062,96.80699920654295,276.6400146484375,217.48423767089844,78.76861572265625,433.010009765625,55.34000015258789,143.0286407470703,14.723285675048828
2020-07-16,156.39935302734375,95.34417724609376,96.26746368408205,273.0400085449219,216.84097290039065,78.98755645751953,426.2900085449219,54.91999816894531,144.69105529785156,14.537657737731934
2020-07-17,155.74647521972656,98.1629638671875,97.14420318603516,284.54998779296875,219.6416778564453,78.26107025146484,432.4200134277344,55.040000915527344,144.20327758789062,15.270402908325195
2020-07-20,152.3748779296875,97.9948272705078,95.90135955810548,290.7900085449219,221.11624145507807,80.76892852783203,455.2699890136719,57.459999084472656,144.24310302734375,14.908915519714355
2020-07-21,153.76834106445312,97.11457061767578,93.83958435058594,298.57000732421875,220.4432830810547,80.37085723876953,444.2799987792969,57.0,146.71185302734375,15.065234184265137
2020-07-22,154.65509033203125,99.09266662597656,94.1286163330078,297.2699890136719,221.907958984375,80.70921325683594,445.0499877929688,61.790000915527344,148.72268676757812,15.241093635559082
2020-07-23,155.2202606201172,99.7157745361328,94.4465560913086,294.57000732421875,219.99794006347656,79.22639465332031,431.739990234375,59.56999969482422,147.69735717773438,15.319252967834473
2020-07-24,155.75621032714844,97.86624908447266,93.56018829345705,292.94000244140625,219.1468505859375,79.60456085205078,430.30999755859375,69.4000015258789,146.6023406982422,15.045694351196287
2020-07-27,159.06935119628906,98.89485931396484,93.60836029052734,298.6099853515625,221.00738525390625,81.23665618896484,437.1000061035156,68.97000122070312,146.1643524169922,14.899145126342772
2020-07-28,151.3614501953125,98.76627349853516,93.1748046875,294.8900146484375,219.8791656494141,80.33104705810547,432.260009765625,67.61000061035156,145.5272674560547,14.850296020507812
2020-07-29,152.2579345703125,101.39713287353516,93.4638442993164,299.1000061035156,222.0564117431641,80.80873107910156,436.2999877929688,76.08999633789062,147.53810119628906,15.20201301574707
2020-07-30,148.2334442138672,100.4179916381836,92.529296875,298.9100036621094,221.66053771972656,81.30632019042969,438.8800048828125,78.19999694824219,152.1769561767578,15.065234184265137
2020-07-31,146.62562561035156,99.53773498535156,91.44061279296876,299.94000244140625,222.4522705078125,82.23184204101562,444.3200073242188,77.43000030517578,149.45933532714844,15.018884658813477
2020-08-03,146.56715393066406,99.5772933959961,92.4329605102539,308.3500061035156,224.827392578125,84.38143157958984,447.9700012207031,77.66999816894531,151.85842895507812,14.910409927368164
2020-08-04,147.34671020507812,98.83551788330078,90.84326934814452,305.3500061035156,224.79771423339844,86.03343200683594,446.9200134277344,85.04000091552734,152.09732055664062,15.255558013916016
2020-08-05,151.38095092773438,101.02130126953124,89.8412857055664,317.0,226.3316650390625,83.9136962890625,449.510009765625,85.30999755859375,151.0321807861328,15.186528205871582
2020-08-06,152.01434326171875,100.63557434082033,89.1861343383789,314.9800109863281,228.49899291992188,86.42155456542969,464.1099853515625,86.70999908447266,151.14169311523438,16.320587158203125
2020-08-07,154.2847900390625,100.12127685546876,89.52334594726562,310.82000732421875,229.16204833984372,82.07261657714844,449.5700073242188,84.8499984741211,151.2810516357422,16.92213249206543
2020-08-10,157.3153533935547,98.9443130493164,89.00308227539062,300.0199890136719,227.9546813964844,81.8636245727539,443.2900085449219,82.23999786376953,152.62493896484375,17.34617042541504
2020-08-11,159.20579528808594,97.97503662109376,89.28248596191406,294.8699951171875,226.20301818847656,78.73876190185547,435.2300109863281,76.87999725341797,151.25119018554688,16.744626998901367
2020-08-12,160.06329345703125,99.54762268066406,92.01866912841795,302.3399963378906,227.37078857421875,81.31627655029297,445.3599853515625,82.61000061035156,153.58056640625,17.0207462310791
2020-08-13,161.62242126464844,99.99269104003906,91.2190170288086,308.3699951171875,229.3302764892578,80.89830017089844,450.0199890136719,81.83999633789062,155.28282165527344,17.543399810791016
2020-08-14,161.85629272460938,98.89485931396484,91.59475708007812,307.3500061035156,227.86561584472656,80.01258850097656,447.6000061035156,81.30000305175781,157.9407196044922,17.326448440551758
2020-08-17,160.50180053710938,99.60696411132812,92.82797241210938,309.54998779296875,230.2110595703125,81.59492492675781,451.5799865722656,82.41999816894531,160.27011108398438,17.425064086914062
2020-08-18,160.1802520751953,99.85423278808594,92.15354919433594,313.20001220703125,231.8043975830078,82.72943115234375,463.510009765625,81.66000366210938,162.1117401123047,17.49409294128418
2020-08-19,159.78070068359375,99.37948608398438,92.58709716796876,314.3500061035156,232.2002716064453,81.58497619628906,462.010009765625,81.08999633789062,160.08096313476562,17.375757217407227
2020-08-20,158.80625915527344,100.5168914794922,91.72000122070312,310.010009765625,234.1597595214844,83.5952377319336,478.4800109863281,82.7699966430664,156.72625732421875,17.701181411743164
2020-08-21,159.01275634765625,101.27845764160156,91.39242553710938,307.57000732421875,235.03065490722656,82.80904388427734,473.2200012207031,83.80999755859375,155.40228271484375,17.770212173461914
2020-08-24,160.80239868164062,100.27952575683594,91.05523681640624,304.95001220703125,235.28794860839844,82.69957733154297,476.2999877929688,83.08000183105469,156.4276123046875,17.819517135620117
2020-08-25,160.37957763671875,101.34769439697266,90.6216812133789,311.1199951171875,235.74317932128903,83.21707153320312,484.4299926757813,86.3499984741211,155.35250854492188,17.642013549804688
2020-08-26,161.1662139892578,102.05980682373048,90.90106964111328,306.1400146484375,237.95999145507807,84.07292938232422,528.489990234375,86.0199966430664,155.77059936523438,17.484230041503906
2020-08-27,161.3432159423828,110.0710906982422,90.8529052734375,311.1000061035156,238.37564086914065,83.4957275390625,510.3200073242188,83.80000305175781,154.01858520507812,17.66173553466797
2020-08-28,162.89686584472656,109.57656860351562,90.72765350341795,303.0400085449219,240.47369384765625,82.80904388427734,516.4400024414062,85.55000305175781,154.068359375,17.651872634887695
2020-08-31,160.3009033203125,108.2710189819336,92.2691650390625,307.6199951171875,237.4453582763672,83.1175537109375,513.3900146484375,90.81999969482422,155.6013641357422,17.50395393371582
2020-09-01,162.05120849609375,105.3830108642578,88.86820220947266,307.3299865722656,237.5344390869141,82.92847442626953,527.9500122070312,92.18000030517578,155.68099975585938,17.66173553466797
2020-09-02,166.68264770507812,108.2413558959961,90.51569366455078,312.7300109863281,244.6202850341797,83.04788970947266,533.7999877929688,90.22000122070312,157.3832550048828,17.927993774414062
2020-09-03,163.53602600097656,104.37417602539062,88.51173400878906,294.010009765625,236.5052032470703,79.92301940917969,507.7999877929688,82.54000091552734,154.4764862060547,17.444786071777344
2020-09-04,163.00503540039062,103.0191879272461,88.51173400878906,275.8900146484375,233.6253662109375,78.62928771972656,491.9400024414063,82.01000213623047,153.052978515625,17.326448440551758
2020-09-08,160.4484100341797,101.71363830566406,86.92205047607422,268.19000244140625,230.24075317382807,75.81291961669922,462.1300048828125,78.69000244140625,151.04212951660156,17.168664932250977
2020-09-09,162.9362030029297,104.65110778808594,88.28050994873047,277.92999267578125,236.4359436035156,79.20648956298828,479.4599914550781,81.91000366210938,153.6502685546875,17.296865463256836
2020-09-10,160.42872619628906,102.8609390258789,86.37288665771484,272.0199890136719,231.2303924560547,78.70889282226562,476.260009765625,78.9800033569336,152.86383056640625,17.119361877441406
2020-09-11,163.3983612060547,103.5532684326172,86.42105102539062,269.7699890136719,232.3388214111328,77.59429931640625,471.3500061035156,76.33999633789062,153.88916015625,17.553260803222656
2020-09-14,165.65017700195312,104.5324249267578,87.18217468261719,275.70001220703125,236.3567657470703,78.73876190185547,485.9100036621094,77.9000015258789,156.59683227539062,17.701181411743164
2020-09-15,163.7917022705078,105.41268157958984,87.58683013916016,279.1600036621094,237.7125701904297,81.3560791015625,497.6700134277344,78.93000030517578,156.16879272460938,17.543399810791016
2020-09-16,166.68264770507812,104.54231262207033,86.49813079833984,274.4100036621094,236.94064331054688,79.60456085205078,476.0,76.66000366210938,153.93894958496094,17.809656143188477
2020-09-17,169.50479125976562,105.49180603027344,86.35360717773438,276.1400146484375,234.3675842285156,78.39044189453125,474.2999877929688,76.55000305175781,154.307861328125,18.17452812194824
2020-09-18,166.7220001220703,105.68961334228516,86.8160629272461,265.07000732421875,233.7342071533203,79.7040786743164,467.5499877929688,74.93000030517578,153.43043518066406,18.529539108276367
2020-09-21,158.66859436035156,104.78958129882812,85.83335876464844,265.8599853515625,231.4877166748047,81.0177230834961,475.6400146484375,77.94000244140625,147.99635314941406,18.105499267578125
2020-09-22,159.6322479248047,103.65217590332033,85.36126708984375,268.989990234375,234.46653747558597,82.25174713134766,486.7799987792969,77.69999694824219,149.67144775390625,17.98716163635254
2020-09-23,156.8494415283203,101.60484313964844,83.95463562011719,260.1099853515625,228.261474609375,79.74388885498047,470.3900146484375,74.7300033569336,146.0221405029297,17.51381492614746
2020-09-24,157.7442626953125,99.81466674804688,82.76959991455078,262.4700012207031,212.1995391845703,79.30601501464844,467.6700134277344,75.81999969482422,146.28138732910156,17.711042404174805
2020-09-25,157.59678649902344,102.31695556640624,83.0779037475586,266.44000244140625,212.4073638916016,80.58979797363281,479.7799987792969,78.05999755859375,148.97349548339844,17.740625381469727
2020-09-28,158.96359252929688,103.2961196899414,84.08951568603516,273.54998779296875,220.4729766845703,81.55511474609375,488.510009765625,79.4800033569336,152.94186401367188,17.622291564941406
2020-09-29,157.14443969726562,104.03790283203124,83.7137680053711,272.4599914550781,221.75950622558597,80.39075469970703,489.3299865722656,81.7699966430664,151.26678466796875,17.75048828125
2020-09-30,157.50827026367188,107.6380386352539,84.38819122314453,277.0599975585937,223.64974975585935,80.5599365234375,490.4299926757813,81.98999786376953,153.05154418945312,17.858964920043945
2020-10-01,156.14144897460938,107.45011138916016,83.95463562011719,260.45001220703125,222.84811401367188,82.28160095214844,499.510009765625,84.86000061035156,154.39761352539062,17.671598434448242
2020-10-02,157.68527221679688,105.33354949951172,82.971923828125,261.989990234375,220.09689331054688,77.9227066040039,478.989990234375,81.80000305175781,155.0457000732422,18.283004760742188
2020-10-05,160.03541564941406,107.37098693847656,84.71575927734375,270.69000244140625,221.17562866210935,79.60456085205078,486.4700012207031,86.1500015258789,155.40464782714844,18.32244873046875
2020-10-06,159.52407836914062,105.08629608154295,82.75032806396484,264.82000732421875,218.06814575195312,77.9227066040039,478.9800109863281,84.4800033569336,154.70669555664062,18.401338577270508
2020-10-07,163.71304321289062,106.55997467041016,83.88719177246094,268.5400085449219,221.13604736328125,78.09188842773438,493.1499938964844,86.69000244140625,156.35186767578125,18.49009132385254
2020-10-08,164.91268920898438,107.35121154785156,84.1473159790039,271.20001220703125,223.27366638183597,77.42511749267578,490.8399963378906,86.51000213623047,157.19940185546875,19.1705265045166
2020-10-09,166.4761505126953,108.44905853271484,84.4941635131836,273.5599975585937,227.2080078125,77.83313751220703,502.1600036621094,83.0999984741211,154.86624145507812,19.05219078063965
2020-10-12,165.83700561523438,109.8337173461914,85.09149932861328,277.8500061035156,229.0956878662109,80.66940307617188,510.8900146484375,84.29000091552734,155.79351806640625,19.249418258666992
2020-10-13,163.85069274902344,107.1830825805664,84.61941528320312,276.95001220703125,227.8935394287109,81.58497619628906,514.3099975585938,85.27999877929688,156.9202117919922,19.279003143310547
2020-10-14,165.59115600585938,106.92506408691406,84.05300903320312,280.8399963378906,227.9431915283203,81.50536346435547,506.30999755859375,84.20999908447266,156.12254333496094,19.357892990112305
2020-10-15,166.25982666015625,106.49835205078124,83.23269653320312,283.57000732421875,227.28749084472656,79.96282958984375,501.1499938964844,83.12999725341797,157.05979919433594,19.58470726013184
2020-10-16,168.11831665039062,108.83036041259766,84.24832153320312,286.4800109863281,228.55918884277344,80.23152923583984,502.8200073242188,83.16999816894531,154.5371856689453,19.6241512298584
2020-10-19,166.7220001220703,107.2128448486328,82.3342514038086,281.4700012207031,224.7738800048828,79.69412994384766,495.2000122070313,82.0,152.80227661132812,19.6241512298584
2020-10-20,168.0986328125,107.5303955078125,82.2756576538086,277.5299987792969,228.89697265625,79.75383758544922,494.5799865722656,81.55999755859375,152.5729522705078,19.72276306152344
2020-10-21,166.3483123779297,105.1189956665039,80.94752502441406,272.6000061035156,231.5894317626953,81.545166015625,495.9599914550781,79.19999694824219,153.92897033691406,19.92985343933105
2020-10-22,167.86265563964844,108.6418228149414,82.3342514038086,278.5,226.66156005859372,80.38079833984375,483.6000061035156,79.41999816894531,152.4832000732422,20.1270809173584
2020-10-23,166.9678192138672,106.96475982666016,82.36354064941406,281.4200134277344,228.21145629882807,80.64950561523438,488.5,81.95999908447266,154.2679901123047,20.363754272460938
2020-10-26,163.38853454589844,108.16549682617188,81.9533920288086,288.32000732421875,217.80931091308597,80.1021499633789,475.2000122070313,82.2300033569336,150.76824951171875,20.294723510742188
2020-10-27,158.34408569335938,107.74871063232422,80.77174377441406,290.510009765625,219.23004150390625,80.56988525390625,478.55999755859375,78.87999725341797,149.9705810546875,20.05805206298828
2020-10-28,155.88580322265625,105.60523986816406,78.60376739501953,283.0,212.5535888671875,78.62928771972656,456.9700012207031,76.4000015258789,145.95236206054688,19.22969627380371
2020-10-29,155.8366241455078,104.19611358642578,78.77954864501953,254.6100006103516,215.03738403320312,77.39525604248047,461.1099853515625,78.0199966430664,145.57345581054688,19.40155792236328
2020-10-30,157.2919464111328,104.3052749633789,83.1057357788086,251.8800048828125,215.5043487548828,75.36509704589844,447.1000061035156,75.29000091552734,146.84970092773438,19.371755599975582
2020-11-02,160.2222442626953,106.65713500976562,86.18191528320312,254.8500061035156,218.7630920410156,76.0318603515625,444.9400024414063,74.69999694824219,150.937744140625,19.868467330932617
2020-11-03,162.74935913085938,108.72120666503906,85.89871215820312,260.79998779296875,224.2473297119141,75.89253997802734,454.0199890136719,76.58000183105469,156.97006225585938,20.13669204711914
2020-11-04,157.4886016845703,110.6761245727539,92.28545379638672,266.44000244140625,226.4429931640625,78.98755645751953,487.2300109863281,81.3499984741211,155.07562255859375,19.808862686157227
2020-11-05,160.4779052734375,112.66081237792967,91.49443817138672,272.3999938964844,232.47364807128903,79.75383758544922,496.4700012207031,83.0,155.9729766845703,20.83208656311035
2020-11-06,160.3009033203125,113.54399871826172,90.6741180419922,272.2099914550781,234.7587432861328,78.43024444580078,494.6300048828125,85.87999725341797,155.92312622070312,20.27577018737793
2020-11-09,160.7040557861328,108.55250549316406,92.89092254638672,279.6099853515625,238.6632843017578,75.04663848876953,471.1400146484375,83.12000274658203,156.1724090576172,20.83208656311035
2020-11-10,166.31881713867188,109.96163940429688,96.55304718017578,268.8399963378906,237.1630706787109,74.7580337524414,452.0,77.98999786376953,154.9659423828125,20.68307304382324
2020-11-11,166.38766479492188,111.7875518798828,95.84992218017578,269.2799987792969,241.1768798828125,76.18114471435547,467.75,81.27999877929688,156.06271362304688,21.14998435974121
2020-11-12,164.26368713378906,111.09290313720705,95.31281280517578,268.2900085449219,236.606689453125,76.34037017822266,462.5799865722656,81.83999633789062,152.61282348632812,20.404916763305664
2020-11-13,166.95797729492188,111.73793029785156,96.71907043457033,272.1000061035156,240.21316528320312,77.17632293701172,469.3399963378906,81.43000030517578,153.55007934570312,20.732746124267575
2020-11-16,170.96009826660156,112.79973602294922,96.05500030517578,272.75,243.3626251220703,77.06685638427734,460.9500122070313,83.7300033569336,150.61866760253906,21.189720153808597
2020-11-17,170.7437744140625,112.19440460205078,96.88507843017578,269.92999267578125,242.23995971679688,76.73844146728516,467.9500122070313,83.36000061035156,148.86383056640625,21.2095890045166
2020-11-18,168.54112243652344,108.92959594726562,96.40656280517578,266.2099914550781,238.17645263671875,75.13619995117188,459.4700012207031,82.54000091552734,147.66732788085938,21.22945785522461
2020-11-19,170.2073974609375,110.15018463134766,97.33429718017578,270.6099853515625,241.62396240234372,75.56412506103516,466.4100036621094,85.54000091552734,145.65322875976562,20.742677688598636
2020-11-20,171.47694396972656,110.04102325439452,98.47687530517578,268.2099914550781,241.8624267578125,76.43988037109375,462.9200134277344,84.63999938964844,143.90834045410156,20.28570556640625
2020-11-23,172.7167205810547,108.43342590332033,99.78548431396484,266.42999267578125,244.6045379638672,75.5541763305664,460.6099853515625,85.30999755859375,145.13473510742188,20.325441360473636
2020-11-24,175.6326904296875,106.78614044189452,101.52375793457033,265.6700134277344,248.37989807128903,74.86750030517578,462.7000122070313,85.06999969482422,149.39227294921875,21.01090240478516
2020-11-25,175.67236328125,105.59532928466795,101.75814056396484,263.82000732421875,247.71424865722656,76.1413345336914,470.0799865722656,86.70999908447266,148.96351623535156,20.842021942138672
2020-11-27,175.44424438476562,106.79605865478516,102.43196868896484,271.8999938964844,248.49913024902344,77.76347351074219,477.0299987792969,87.19000244140625,149.49197387695312,20.90162849426269
2020-11-30,171.3182373046875,107.39147186279295,102.12924194335938,274.1000061035156,247.47579956054688,79.0970230102539,478.4700012207031,92.66000366210938,147.26849365234375,20.305574417114254
2020-12-01,169.12631225585938,107.6594009399414,101.60189056396484,268.2099914550781,250.63519287109372,79.54485321044922,479.1499938964844,92.62999725341795,152.16415405273438,20.46452140808105
2020-12-02,170.44544982910156,107.32200622558594,102.52962493896484,265.25,248.0421142578125,78.76861572265625,481.260009765625,93.73999786376952,148.01629638671875,21.02083778381348
2020-12-03,170.4256134033203,106.70674896240234,102.28548431396484,266.8399963378906,248.3103485107422,78.41034698486328,484.2799987792969,92.30999755859376,149.70135498046875,21.02083778381348
2020-12-04,171.0504608154297,107.07391357421876,104.7659683227539,272.6099853515625,251.7976226806641,80.49027252197266,486.0,94.04000091552734,152.02455139160156,20.93142890930176
2020-12-07,168.7593231201172,106.35942840576172,103.35971069335938,271.8800048828125,247.6844482421875,81.87357330322266,492.25,94.06999969482422,153.2310028076172,20.732746124267575
2020-12-08,171.0504608154297,105.98234558105467,105.16635131835938,273.6400146484375,248.2408142089844,83.22702026367188,495.2799987792969,92.91999816894533,152.33364868164062,21.050642013549805
2020-12-09,173.85731506347656,105.50601196289062,106.12338256835938,266.1499938964844,245.17083740234372,82.18208312988281,483.739990234375,89.83000183105469,157.48854064941406,20.71287727355957
2020-12-10,172.07203674316406,105.70447540283205,104.97103881835938,267.92999267578125,244.56480407714844,82.70953369140625,476.8699951171875,91.66000366210938,157.75775146484375,20.71287727355957
2020-12-11,172.5977020263672,106.20065307617188,103.84798431396484,258.45001220703125,244.23692321777344,83.27678680419922,475.9100036621094,91.6500015258789,157.19940185546875,21.01090240478516
2020-12-14,171.66539001464844,105.972412109375,101.75814056396484,267.6199951171875,242.17041015625,85.52589416503906,486.4200134277344,94.77999877929688,157.0996856689453,21.159915924072266
2020-12-15,173.25230407714844,106.62735748291016,100.41048431396484,275.3599853515625,245.44903564453125,86.50116729736328,482.6400146484375,97.12000274658205,159.37303161621094,22.133472442626957
2020-12-16,173.97634887695312,106.51820373535156,102.18782806396484,274.1400146484375,245.846435546875,87.79490661621094,489.8999938964844,96.8499984741211,160.84869384765625,21.755970001220703
2020-12-17,175.20620727539062,107.94717407226562,102.43196868896484,281.989990234375,262.7561340332031,88.03375244140625,495.3599853515625,96.83999633789062,160.1197052001953,21.944721221923828
2020-12-18,174.97808837890625,108.1357192993164,102.00228118896484,293.3900146484375,264.52459716796875,89.9345474243164,502.9500122070313,95.91999816894533,159.7701873779297,22.39176368713379
2020-12-21,174.22430419921875,107.26245880126952,101.27962493896484,295.8099975585937,259.7259216308594,88.38206481933594,498.3900146484375,93.2300033569336,160.26950073242188,22.471237182617188
2020-12-22,173.3514862060547,107.45100402832033,100.39095306396484,302.3299865722656,257.7885437011719,88.98912048339844,504.1700134277344,93.16000366210938,159.1809844970703,22.669919967651367
2020-12-23,172.56796264648438,106.62735748291016,100.85970306396484,304.04998779296875,255.77169799804688,89.77531433105469,496.9100036621094,91.5500030517578,159.07113647460938,23.33551406860352
2020-12-24,173.0936279296875,107.5204620361328,100.84017181396484,303.4100036621094,255.6325836181641,90.5217056274414,499.8599853515625,91.80999755859376,160.459228515625,23.116962432861328
2020-12-28,173.28207397460938,106.96475982666016,101.02571105957033,312.9100036621094,257.9971618652344,90.98944091796876,498.9500122070313,91.5999984741211,158.58181762695312,23.14676284790039
2020-12-29,172.42910766601562,107.50062561035156,102.24642181396484,320.92999267578125,256.0896301269531,90.9297332763672,502.1099853515625,90.62000274658205,156.47471618652344,23.15669822692871
2020-12-30,172.6869659423828,107.60977935791016,102.80306243896484,323.9200134277344,255.87106323242188,91.1387176513672,497.4500122070313,92.29000091552734,157.44338989257812,22.630184173583984
2020-12-31,173.3614044189453,108.65174102783205,104.6390151977539,324.20001220703125,259.51727294921875,92.40259552001952,500.1199951171875,91.70999908447266,157.2935791015625,23.34544944763184
2021-01-04,170.46527099609375,108.274658203125,102.93978881835938,316.7300109863281,254.79803466796875,89.46681213378906,485.3399963378906,92.3000030517578,157.1238250732422,23.087158203125
2021-01-05,170.17764282226562,109.61431884765624,104.00424194335938,322.6000061035156,256.24859619140625,90.25300598144533,485.6900024414063,92.7699966430664,156.9540557861328,23.862030029296875
2021-01-06,172.7663116455078,109.3860855102539,103.10580444335938,321.6099853515625,259.05029296875,87.57596588134766,466.30999755859375,90.33000183105467,166.02157592773438,24.81571388244629
2021-01-07,168.33285522460938,110.44789123535156,104.20932006835938,323.5599975585937,261.494384765625,89.2379150390625,477.739990234375,95.16000366210938,167.4396209716797,24.567358016967773
2021-01-08,165.2581787109375,110.7555160522461,104.75619506835938,324.0599975585937,262.4481506347656,90.86006927490234,485.1000061035156,94.58000183105467,169.8263397216797,25.25282096862793
2021-01-11,163.84979248046875,109.99140167236328,106.4651870727539,324.5899963378906,258.662841796875,90.4719467163086,474.239990234375,97.25,170.7850341796875,25.292556762695312
2021-01-12,165.14907836914062,108.0067138671875,107.2073745727539,324.6700134277344,256.7254638671875,88.8199462890625,471.6499938964844,95.36000061035156,176.42726135253906,25.848875045776367
2021-01-13,164.92095947265625,111.2913818359375,109.81480407714844,323.7099914550781,256.28680419921875,89.33743286132812,472.0499877929688,91.77999877929688,171.5240020751953,26.703218460083008
2021-01-14,165.04991149902344,109.637451171875,110.2890396118164,318.3099975585937,254.21324157714844,89.5563735961914,463.2699890136719,90.79000091552734,168.59803771972656,27.269472122192383
2021-01-15,164.19692993164062,110.8928451538086,109.19236755371094,329.69000244140625,252.86740112304688,90.25300598144533,458.0799865722656,88.20999908447266,165.02294921875,27.41848373413086
2021-01-19,167.7377471923828,112.15819549560548,110.83243560791016,336.29998779296875,255.05064392089844,92.7011489868164,456.5,89.44999694824219,165.70201110839844,27.875457763671875
2021-01-20,168.82876586914062,112.47702026367188,111.26715087890624,347.8699951171875,260.8626708984375,94.66165924072266,469.7300109863281,88.75,164.9530487060547,27.83572196960449
2021-01-21,169.27508544921875,112.53679656982422,109.9234848022461,348.5599975585937,257.1441650390625,94.1441650390625,472.0199890136719,91.52999877929688,166.45098876953125,27.100589752197266
2021-01-22,167.6584014892578,112.4272003173828,109.52828979492188,347.8999938964844,253.9839630126953,93.97498321533205,472.4400024414063,92.79000091552734,163.53500366210938,26.92177391052246
2021-01-25,168.99737548828125,114.30033111572266,109.17261505126952,348.32000732421875,251.2623748779297,92.949951171875,473.4400024414063,94.12999725341795,159.44064331054688,26.057493209838867
2021-01-26,174.51193237304688,114.31029510498048,107.4930419921875,340.8900146484375,252.2094573974609,91.9348602294922,476.2799987792969,94.70999908447266,157.41343688964844,24.39847755432129
2021-01-27,185.1244659423828,113.87190246582033,101.55522918701172,328.6000061035156,245.34071350097656,88.24273681640625,460.0,88.83999633789062,147.72674560546875,22.80899810791016
2021-01-28,181.9208831787109,119.9495849609375,102.95817565917967,355.1300048828125,248.5707092285156,89.83502197265625,465.6700134277344,87.5199966430664,153.1293182373047,24.549999237060547
2021-01-29,174.22430419921875,123.13787841796876,101.24895477294922,348.25,241.1735992431641,90.56150817871094,458.7699890136719,85.63999938964844,148.93508911132812,24.38999938964844
2021-02-01,173.2721405029297,122.09172058105467,101.07112121582033,341.8599853515625,246.80618286132807,90.97948455810548,470.0,87.66000366210938,150.7625732421875,24.809999465942383
2021-02-02,173.58953857421875,119.80013275146484,102.22706604003906,347.8399963378906,247.98252868652344,93.52715301513672,484.9299926757813,88.86000061035156,153.86830139160156,25.75
2021-02-03,174.04576110839844,119.78020477294922,105.66525268554688,326.2300109863281,247.60369873046875,92.3229751586914,481.9200134277344,87.88999938964844,155.066650390625,25.850000381469727
2021-02-04,175.6525421142578,119.30196380615234,107.22628021240234,324.7799987792969,252.22938537597656,92.23341369628906,489.3800048828125,87.83999633789062,158.2622528076172,26.170000076293945
2021-02-05,177.5469207763672,123.5762710571289,107.42388153076172,327.8500061035156,252.7577362060547,101.1203842163086,492.1199951171875,87.9000015258789,157.06390380859375,26.86000061035156
2021-02-08,179.28260803222656,124.04454803466795,105.55657958984376,325.8599853515625,256.51611328125,100.7024154663086,493.760009765625,91.47000122070312,158.22232055664062,27.68000030517578
2021-02-09,179.46115112304688,124.69217681884766,104.13388061523438,324.4800109863281,256.8849792480469,102.23499298095705,496.0499877929688,90.91000366210938,160.44924926757812,27.90999984741211
2021-02-10,179.60000610351562,124.83165740966795,102.8000946044922,324.510009765625,256.1472473144531,102.2648468017578,492.6700134277344,92.3499984741211,161.6376190185547,27.63999938964844
2021-02-11,177.2100067138672,126.37598419189452,102.50370025634766,322.92999267578125,258.1709899902344,102.7425308227539,496.6199951171875,92.66000366210938,154.24778747558594,28.0
2021-02-12,178.6999969482422,127.76090240478516,103.18540954589844,328.3599853515625,256.6756286621094,103.30978393554688,498.8399963378906,93.7699966430664,152.6000518798828,28.530000686645508
2021-02-16,176.6300048828125,127.55167388916016,102.9482879638672,322.7799987792969,256.25689697265625,102.46388244628906,501.6400146484375,91.45999908447266,155.29632568359375,28.90999984741211
2021-02-17,176.64999389648438,126.77452087402344,105.01319122314452,316.29998779296875,257.9815673828125,101.85681915283205,491.2300109863281,89.94000244140625,161.59767150878906,28.76000022888184
2021-02-18,179.3699951171875,124.95122528076172,104.78594970703124,322.0799865722656,256.83514404296875,101.7573013305664,488.3699951171875,88.63999938964844,167.31979370117188,27.809999465942383
2021-02-19,176.5399932861328,122.5898895263672,103.74856567382812,331.9700012207031,253.50543212890625,100.31429290771484,479.1199951171875,89.58000183105469,165.751953125,28.309999465942383
2021-02-22,176.1199951171875,122.1016845703125,105.77393341064452,322.75,251.85055541992188,96.1146240234375,467.3299865722656,85.37000274658203,167.46958923339844,27.0
2021-02-23,176.1699981689453,120.35808563232422,104.99342346191406,321.69000244140625,255.3995819091797,95.95539093017578,467.7999877929688,84.73999786376953,165.961669921875,27.21999931335449
2021-02-24,177.6300048828125,121.93230438232422,107.38436126708984,323.7799987792969,258.4700622558594,95.22891235351562,476.6199951171875,86.94000244140625,165.9217071533203,28.0
2021-02-25,178.75999450683594,121.1352310180664,106.04069519042967,320.4700012207031,252.99700927734372,94.64175415039062,459.1600036621094,82.41999816894531,160.44924926757812,26.350000381469727
2021-02-26,175.05999755859375,119.34181213378906,106.44577026367188,324.54998779296875,250.1258850097656,95.14929962158205,459.6700134277344,84.51000213623047,160.12969970703125,26.559999465942383
2021-03-01,176.41000366210938,121.76292419433594,107.10772705078124,324.260009765625,257.3634948730469,98.24431610107422,469.5700073242188,86.38999938964844,162.4365234375,27.0
2021-03-02,177.11000061035156,122.08175659179688,106.554443359375,325.3099975585937,258.4302062988281,96.28380584716795,466.5899963378906,84.12999725341797,164.61351013183594,26.809999465942383
2021-03-03,178.05999755859375,118.74401092529295,105.42813873291016,307.6000061035156,253.3957672119141,93.25845336914062,448.4500122070313,80.86000061035156,165.60215759277344,26.88999938964844
2021-03-04,177.6300048828125,115.58560943603516,104.38087463378906,295.6300048828125,246.2379302978516,91.09890747070312,439.05999755859375,77.75,165.3125457763672,25.8799991607666
2021-03-05,180.8000030517578,116.82107543945312,105.4182586669922,301.2200012207031,248.74017333984372,92.13389587402344,440.8299865722656,78.5199966430664,171.27435302734375,25.989999771118164
2021-03-08,183.7700042724609,115.20699310302734,104.8353500366211,285.9200134277344,248.6205596923828,88.78013610839844,421.2000122070313,73.95999908447266,176.2574920654297,26.280000686645508
2021-03-09,181.17999267578125,116.27307891845705,105.5071792602539,296.79998779296875,253.58518981933597,92.05428314208984,439.1799926757813,78.52999877929688,172.81224060058594,27.530000686645508
2021-03-10,184.50999450683597,115.4560775756836,106.70264434814452,296.2799987792969,256.3466491699219,90.8700180053711,437.010009765625,77.5199966430664,176.09771728515625,27.489999771118164
2021-03-11,184.57000732421875,117.09008026123048,106.57421112060548,304.3699951171875,265.54815673828125,92.4921646118164,451.05999755859375,81.2300033569336,173.40142822265625,28.18000030517578
2021-03-12,184.9199981689453,116.28304290771484,106.92000579833984,303.54998779296875,264.132568359375,92.59168243408205,444.2999877929688,81.05000305175781,179.33326721191406,28.450000762939453
2021-03-15,189.47999572753903,117.66796112060548,108.9355010986328,307.17999267578125,265.4385070800781,92.13389587402344,447.5899963378906,82.5,181.44036865234372,28.5
2021-03-16,186.8500061035156,117.78752136230467,109.50852966308594,308.69000244140625,262.7069396972656,92.8305206298828,450.5400085449219,82.75,178.86390686035156,27.88999938964844
2021-03-17,188.3000030517578,117.1897201538086,103.77820587158205,304.6600036621094,263.4546203613281,91.99457550048828,451.010009765625,82.62999725341797,181.7100067138672,26.850000381469727
2021-03-18,191.0,117.67792510986328,102.52345275878906,298.8599853515625,266.06658935546875,89.14835357666016,439.1799926757813,78.12000274658203,183.72999572753903,26.0
2021-03-19,188.7100067138672,119.81009674072266,102.17765808105467,299.8099975585937,262.9661560058594,90.05396270751953,441.5,79.05999755859375,186.0,26.309999465942383
2021-03-22,189.47000122070312,121.025634765625,104.62787628173828,306.1600036621094,264.3817749023437,91.42732238769533,452.4100036621094,80.30000305175781,182.9900054931641,25.959999084472656
2021-03-23,188.3300018310547,120.0492172241211,103.58060455322266,298.6199951171875,265.2091979980469,90.9396743774414,460.2000122070313,78.37999725341797,179.52999877929688,25.57999992370605
2021-03-24,190.69000244140625,117.58824920654295,101.82198333740234,294.2099914550781,266.7245178222656,90.0738754272461,451.510009765625,76.4800033569336,181.72999572753903,25.649999618530277
2021-03-25,193.1000061035156,118.61448669433594,102.63213348388672,294.1400146484375,267.78125,90.4122314453125,450.989990234375,76.22000122070312,185.6499938964844,26.1200008392334
2021-03-26,194.8800048828125,121.6234359741211,104.70691680908205,301.3999938964844,279.9037170410156,91.95476531982422,469.0899963378906,77.41000366210938,187.32000732421875,26.31999969482422
2021-03-29,195.7400054931641,121.7828598022461,105.44790649414062,305.7699890136719,278.67755126953125,93.56695556640624,469.3200073242188,77.13999938964844,185.05999755859372,26.06999969482422
2021-03-30,194.63999938964844,119.31192779541016,105.5071792602539,309.8800048828125,277.6905822753906,92.21351623535156,465.4599914550781,76.0,186.07000732421875,26.8799991607666
2021-03-31,192.67999267578125,119.40159606933594,106.92000579833984,318.7300109863281,275.3976745605469,92.55187225341795,475.3699951171875,78.5,183.4900054931641,26.809999465942383
2021-04-01,192.6999969482422,118.50489044189452,107.21639251708984,315.3399963378906,277.4812316894531,95.0796356201172,483.3399963378906,81.08999633789062,185.9600067138672,27.06999969482422
2021-04-05,194.97000122070312,119.42152404785156,104.864990234375,321.5,280.2626342773437,97.39840698242188,491.6199951171875,81.43000030517578,183.22999572753903,27.34000015258789
2021-04-06,194.83999633789065,119.53112030029295,104.1141128540039,323.6199951171875,280.7610778808594,96.85105895996094,491.3399963378906,81.44000244140625,183.6499938964844,27.81999969482422
2021-04-07,194.9499969482422,119.6706085205078,103.94615936279295,320.6199951171875,281.6981811523437,96.37336730957033,493.4100036621094,82.19999694824219,182.6199951171875,27.09000015258789
2021-04-08,195.72000122070312,119.34181213378906,104.82546997070312,329.75,283.54248046875,95.99520111083984,499.8399963378906,83.3499984741211,180.5,27.68000030517578
2021-04-09,198.0,120.4577178955078,106.2481689453125,333.8099975585937,286.82232666015625,95.31847381591795,504.0400085449219,82.76000213623047,183.97000122070312,27.71999931335449
2021-04-12,197.8300018310547,120.59720611572266,106.94964599609376,333.1099853515625,286.6528625488281,95.67674255371094,506.0299987792969,78.58000183105469,188.05999755859372,27.68000030517578
2021-04-13,196.47000122070312,122.56000518798828,106.92000579833984,329.9700012207031,284.3399963378906,97.06999969482422,514.8599853515625,80.19000244140625,187.41000366210935,28.239999771118164
2021-04-14,196.75,121.5,105.9000015258789,330.6000061035156,284.44000244140625,96.69000244140624,510.6300048828125,78.55000305175781,187.7700042724609,28.3700008392334
2021-04-15,197.47999572753903,123.94000244140624,106.88999938964844,337.5899963378906,285.1499938964844,97.77999877929688,523.25,83.01000213623047,189.4600067138672,28.530000686645508
2021-04-16,198.5800018310547,124.3499984741211,107.91000366210938,330.5299987792969,286.9599914550781,96.4800033569336,525.0800170898438,82.1500015258789,192.9199981689453,28.6299991607666
2021-04-19,198.58999633789065,124.52999877929688,108.61000061035156,329.4200134277344,286.5400085449219,96.0,516.1699829101562,81.11000061035156,192.5399932861328,28.34000015258789
2021-04-20,198.3000030517578,120.0,109.02999877929688,330.1000061035156,288.6000061035156,94.47000122070312,514.2100219726562,79.2699966430664,193.91000366210935,28.25
2021-04-21,200.8800048828125,122.5999984741211,110.8000030517578,342.6400146484375,290.7200012207031,93.18000030517578,512.3400268554688,81.61000061035156,199.8699951171875,28.38999938964844
2021-04-22,200.8999938964844,123.5,110.0500030517578,343.3999938964844,290.1600036621094,93.6999969482422,507.2900085449219,79.05999755859375,200.3000030517578,28.31999969482422
2021-04-23,202.1999969482422,123.30999755859376,111.37999725341795,351.0299987792969,291.739990234375,93.0199966430664,515.8400268554688,82.76000213623047,199.75,28.299999237060547
2021-04-26,199.6300048828125,122.58000183105467,111.38999938964844,348.20001220703125,289.5199890136719,94.23999786376952,515.7000122070312,85.41000366210938,197.13999938964844,28.209999084472656
2021-04-27,193.5800018310547,121.9800033569336,111.6999969482422,343.1099853515625,289.4100036621094,91.86000061035156,516.97998046875,86.41000366210938,197.91000366210935,27.924999237060547
